{"loss": [16.546911239624023, 3.5841965675354004, 1.6549031734466553, 1.2348041534423828, 0.9944029450416565, 0.9701417088508606, 0.7583287954330444, 0.6684878468513489, 0.7105541825294495, 0.6014471650123596], "accuracy": [0.3097345232963562, 0.3097345232963562, 0.4247787594795227, 0.5575221180915833, 0.6017699241638184, 0.5663716793060303, 0.6460176706314087, 0.7256637215614319, 0.6991150379180908, 0.7256637215614319], "val_loss": [3.892918109893799, 1.7968792915344238, 1.0124424695968628, 1.1791317462921143, 0.8339447379112244, 0.810186505317688, 0.7677326202392578, 0.684513509273529, 0.7536687850952148, 0.6907089948654175], "val_accuracy": [0.38461539149284363, 0.38461539149284363, 0.5384615659713745, 0.6153846383094788, 0.5384615659713745, 0.6153846383094788, 0.6153846383094788, 0.692307710647583, 0.7692307829856873, 0.7692307829856873]}